"Time","topic : uploads"
2020-12-01 06:14:00,13
2020-12-01 06:14:20,13
2020-12-01 06:14:40,9
2020-12-01 06:15:00,18
2020-12-01 06:15:20,18
2020-12-01 06:15:40,33
2020-12-01 06:16:00,31
2020-12-01 06:16:20,31
2020-12-01 06:16:40,22
2020-12-01 06:17:00,22
2020-12-01 06:17:20,27
2020-12-01 06:17:40,17
2020-12-01 06:18:00,17
2020-12-01 06:18:20,13
2020-12-01 06:18:40,16
2020-12-01 06:19:00,16
2020-12-01 06:19:20,27
2020-12-01 06:19:40,34
2020-12-01 06:20:00,34
2020-12-01 06:20:20,27
2020-12-01 06:20:40,30
2020-12-01 06:21:00,30
2020-12-01 06:21:20,4
2020-12-01 06:21:40,5
2020-12-01 06:22:00,5
2020-12-01 06:22:20,5
2020-12-01 06:22:40,8
2020-12-01 06:23:00,8
2020-12-01 06:23:20,8
2020-12-01 06:23:40,11
2020-12-01 06:24:00,11
2020-12-01 06:24:20,10
2020-12-01 06:24:40,21
2020-12-01 06:25:00,21
2020-12-01 06:25:20,25
2020-12-01 06:25:40,22
2020-12-01 06:26:00,22
2020-12-01 06:26:20,23
2020-12-01 06:26:40,23
2020-12-01 06:27:00,23
2020-12-01 06:27:20,13
2020-12-01 06:27:40,15
2020-12-01 06:28:00,15
2020-12-01 06:28:20,13
2020-12-01 06:28:40,16
2020-12-01 06:29:00,16
2020-12-01 06:29:20,16
2020-12-01 06:29:40,11
2020-12-01 06:30:00,11
2020-12-01 06:30:20,22
2020-12-01 06:30:40,15
2020-12-01 06:31:00,15
2020-12-01 06:31:20,12
2020-12-01 06:31:40,18
2020-12-01 06:32:00,18
2020-12-01 06:32:20,23
2020-12-01 06:32:40,19
2020-12-01 06:33:00,19
2020-12-01 06:33:20,22
2020-12-01 06:33:40,9
2020-12-01 06:34:00,9
2020-12-01 06:34:20,9
2020-12-01 06:34:40,22
2020-12-01 06:35:00,20
2020-12-01 06:35:20,20
2020-12-01 06:35:40,17
2020-12-01 06:36:00,13
2020-12-01 06:36:20,13
2020-12-01 06:36:40,11
2020-12-01 06:37:00,16
2020-12-01 06:37:20,16
2020-12-01 06:37:40,10
2020-12-01 06:38:00,10
2020-12-01 06:38:20,10
2020-12-01 06:38:40,14
2020-12-01 06:39:00,17
2020-12-01 06:39:20,17
2020-12-01 06:39:40,16
2020-12-01 06:40:00,10
2020-12-01 06:40:20,10
2020-12-01 06:40:40,10
2020-12-01 06:41:00,17
2020-12-01 06:41:20,17
2020-12-01 06:41:40,15
2020-12-01 06:42:00,6
2020-12-01 06:42:20,6
2020-12-01 06:42:40,6
2020-12-01 06:43:00,4
2020-12-01 06:43:20,4
2020-12-01 06:43:40,14
2020-12-01 06:44:00,16
2020-12-01 06:44:20,16
2020-12-01 06:44:40,24
2020-12-01 06:45:00,23
2020-12-01 06:45:20,23
2020-12-01 06:45:40,26
2020-12-01 06:46:00,26
2020-12-01 06:46:20,26
2020-12-01 06:46:40,38
2020-12-01 06:47:00,31
2020-12-01 06:47:20,31
2020-12-01 06:47:40,30
2020-12-01 06:48:00,41
2020-12-01 06:48:20,41
2020-12-01 06:48:40,36
2020-12-01 06:49:00,48
2020-12-01 06:49:20,48
2020-12-01 06:49:40,32
2020-12-01 06:50:00,38
2020-12-01 06:50:20,38
2020-12-01 06:50:40,26
2020-12-01 06:51:00,25
2020-12-01 06:51:20,25
2020-12-01 06:51:40,23
2020-12-01 06:52:00,23
2020-12-01 06:52:20,25
2020-12-01 06:52:40,30
2020-12-01 06:53:00,30
2020-12-01 06:53:20,17
2020-12-01 06:53:40,17
2020-12-01 06:54:00,17
2020-12-01 06:54:20,13
2020-12-01 06:54:40,15
2020-12-01 06:55:00,15
2020-12-01 06:55:20,18
2020-12-01 06:55:40,13
2020-12-01 06:56:00,13
2020-12-01 06:56:20,17
2020-12-01 06:56:40,12
2020-12-01 06:57:00,12
2020-12-01 06:57:20,12
2020-12-01 06:57:40,19
2020-12-01 06:58:00,19
2020-12-01 06:58:20,13
2020-12-01 06:58:40,13
2020-12-01 06:59:00,13
2020-12-01 06:59:20,12
2020-12-01 06:59:40,13
2020-12-01 07:00:00,13
2020-12-01 07:00:20,25
2020-12-01 07:00:40,14
2020-12-01 07:01:00,14
2020-12-01 07:01:20,14
2020-12-01 07:01:40,6
2020-12-01 07:02:00,6
2020-12-01 07:02:20,10
2020-12-01 07:02:40,7
2020-12-01 07:03:00,7
2020-12-01 07:03:20,3
2020-12-01 07:03:40,9
2020-12-01 07:04:00,9
2020-12-01 07:04:20,18
2020-12-01 07:04:40,15
2020-12-01 07:05:00,15
2020-12-01 07:05:20,14
2020-12-01 07:05:40,21
2020-12-01 07:06:00,21
2020-12-01 07:06:20,14
2020-12-01 07:06:40,9
2020-12-01 07:07:00,9
2020-12-01 07:07:20,9
2020-12-01 07:07:40,6
2020-12-01 07:08:00,6
2020-12-01 07:08:20,6
2020-12-01 07:08:40,12
2020-12-01 07:09:00,11
2020-12-01 07:09:20,11
2020-12-01 07:09:40,11
2020-12-01 07:10:00,9
2020-12-01 07:10:20,9
2020-12-01 07:10:40,9
2020-12-01 07:11:00,9
2020-12-01 07:11:20,9
2020-12-01 07:11:40,16
2020-12-01 07:12:00,17
2020-12-01 07:12:20,17
2020-12-01 07:12:40,8
2020-12-01 07:13:00,7
2020-12-01 07:13:20,7
2020-12-01 07:13:40,10
2020-12-01 07:14:00,8
2020-12-01 07:14:20,8
2020-12-01 07:14:40,15
2020-12-01 07:15:00,24
2020-12-01 07:15:20,24
2020-12-01 07:15:40,27
2020-12-01 07:16:00,28
2020-12-01 07:16:20,28
2020-12-01 07:16:40,20
2020-12-01 07:17:00,27
2020-12-01 07:17:20,27
2020-12-01 07:17:40,16
2020-12-01 07:18:00,14
2020-12-01 07:18:20,14
2020-12-01 07:18:40,19
2020-12-01 07:19:00,19
2020-12-01 07:19:20,19
2020-12-01 07:19:40,21
2020-12-01 07:20:00,12
2020-12-01 07:20:20,12
2020-12-01 07:20:40,14
2020-12-01 07:21:00,13
2020-12-01 07:21:20,13
2020-12-01 07:21:40,20
2020-12-01 07:22:00,12
2020-12-01 07:22:20,12
2020-12-01 07:22:40,5
2020-12-01 07:23:00,11
2020-12-01 07:23:20,11
2020-12-01 07:23:40,16
2020-12-01 07:24:00,9
2020-12-01 07:24:20,9
2020-12-01 07:24:40,15
2020-12-01 07:25:00,10
2020-12-01 07:25:20,10
2020-12-01 07:25:40,12
2020-12-01 07:26:00,12
2020-12-01 07:26:20,26
2020-12-01 07:26:40,24
2020-12-01 07:27:00,24
2020-12-01 07:27:20,9
2020-12-01 07:27:40,6
2020-12-01 07:28:00,6
2020-12-01 07:28:20,19
2020-12-01 07:28:40,10
2020-12-01 07:29:00,10
2020-12-01 07:29:20,6
2020-12-01 07:29:40,7
2020-12-01 07:30:00,7
2020-12-01 07:30:20,11
2020-12-01 07:30:40,8
2020-12-01 07:31:00,8
2020-12-01 07:31:20,7
2020-12-01 07:31:40,9
2020-12-01 07:32:00,9
2020-12-01 07:32:20,13
2020-12-01 07:32:40,17
2020-12-01 07:33:00,17
2020-12-01 07:33:20,15
2020-12-01 07:33:40,15
2020-12-01 07:34:00,15
2020-12-01 07:34:20,16
2020-12-01 07:34:40,13
2020-12-01 07:35:00,13
2020-12-01 07:35:20,14
2020-12-01 07:35:40,18
2020-12-01 07:36:00,18
2020-12-01 07:36:20,29
2020-12-01 07:36:40,19
2020-12-01 07:37:00,19
2020-12-01 07:37:20,12
2020-12-01 07:37:40,14
2020-12-01 07:38:00,14
2020-12-01 07:38:20,10
2020-12-01 07:38:40,13
2020-12-01 07:39:00,13
2020-12-01 07:39:20,17
2020-12-01 07:39:40,13
2020-12-01 07:40:00,13
2020-12-01 07:40:20,18
2020-12-01 07:40:40,11
2020-12-01 07:41:00,11
2020-12-01 07:41:20,26
2020-12-01 07:41:40,22
2020-12-01 07:42:00,22
2020-12-01 07:42:20,17
2020-12-01 07:42:40,12
2020-12-01 07:43:00,12
2020-12-01 07:43:20,12
2020-12-01 07:43:40,8
2020-12-01 07:44:00,5
2020-12-01 07:44:20,5
2020-12-01 07:44:40,16
2020-12-01 07:45:00,5
2020-12-01 07:45:20,5
2020-12-01 07:45:40,14
2020-12-01 07:46:00,13
2020-12-01 07:46:20,13
2020-12-01 07:46:40,15
2020-12-01 07:47:00,13
2020-12-01 07:47:20,13
2020-12-01 07:47:40,20
2020-12-01 07:48:00,22
2020-12-01 07:48:20,22
2020-12-01 07:48:40,18
2020-12-01 07:49:00,29
2020-12-01 07:49:20,29
2020-12-01 07:49:40,28
2020-12-01 07:50:00,33
2020-12-01 07:50:20,33
2020-12-01 07:50:40,26
2020-12-01 07:51:00,22
2020-12-01 07:51:20,22
2020-12-01 07:51:40,16
2020-12-01 07:52:00,25
2020-12-01 07:52:20,25
2020-12-01 07:52:40,21
2020-12-01 07:53:00,22
2020-12-01 07:53:20,22
2020-12-01 07:53:40,25
2020-12-01 07:54:00,33
2020-12-01 07:54:20,33
2020-12-01 07:54:40,28
2020-12-01 07:55:00,21
2020-12-01 07:55:20,21
2020-12-01 07:55:40,31
2020-12-01 07:56:00,26
2020-12-01 07:56:20,26
2020-12-01 07:56:40,20
2020-12-01 07:57:00,4
2020-12-01 07:57:20,4
2020-12-01 07:57:40,9
2020-12-01 07:58:00,11
2020-12-01 07:58:20,11
2020-12-01 07:58:40,12
2020-12-01 07:59:00,7
2020-12-01 07:59:20,7
2020-12-01 07:59:40,9
2020-12-01 08:00:00,9
2020-12-01 08:00:20,11
2020-12-01 08:00:40,9
2020-12-01 08:01:00,9
2020-12-01 08:01:20,10
2020-12-01 08:01:40,19
2020-12-01 08:02:00,19
2020-12-01 08:02:20,16
2020-12-01 08:02:40,23
2020-12-01 08:03:00,23
2020-12-01 08:03:20,12
2020-12-01 08:03:40,8
2020-12-01 08:04:00,8
2020-12-01 08:04:20,9
2020-12-01 08:04:40,8
2020-12-01 08:05:00,8
2020-12-01 08:05:20,8
2020-12-01 08:05:40,13
2020-12-01 08:06:00,13
2020-12-01 08:06:20,10
2020-12-01 08:06:40,7
2020-12-01 08:07:00,7
2020-12-01 08:07:20,9
2020-12-01 08:07:40,14
2020-12-01 08:08:00,14
2020-12-01 08:08:20,21
2020-12-01 08:08:40,24
2020-12-01 08:09:00,24
2020-12-01 08:09:20,15
2020-12-01 08:09:40,8
2020-12-01 08:10:00,8
2020-12-01 08:10:20,11
2020-12-01 08:10:40,18
2020-12-01 08:11:00,18
2020-12-01 08:11:20,20
2020-12-01 08:11:40,10
2020-12-01 08:12:00,10
2020-12-01 08:12:20,19
2020-12-01 08:12:40,16
2020-12-01 08:13:00,16
2020-12-01 08:13:20,18
2020-12-01 08:13:40,19
2020-12-01 08:14:00,19
2020-12-01 08:14:20,17
2020-12-01 08:14:40,24
2020-12-01 08:15:00,24
2020-12-01 08:15:20,13
2020-12-01 08:15:40,8
2020-12-01 08:16:00,8
2020-12-01 08:16:20,10
2020-12-01 08:16:40,10
2020-12-01 08:17:00,13
2020-12-01 08:17:20,13
2020-12-01 08:17:40,8
2020-12-01 08:18:00,8
2020-12-01 08:18:20,8
2020-12-01 08:18:40,12
2020-12-01 08:19:00,20
2020-12-01 08:19:20,20
2020-12-01 08:19:40,16
2020-12-01 08:20:00,17
2020-12-01 08:20:20,17
2020-12-01 08:20:40,24
2020-12-01 08:21:00,18
2020-12-01 08:21:20,18
2020-12-01 08:21:40,11
2020-12-01 08:22:00,18
2020-12-01 08:22:20,18
2020-12-01 08:22:40,14
2020-12-01 08:23:00,11
2020-12-01 08:23:20,11
2020-12-01 08:23:40,11
2020-12-01 08:24:00,16
2020-12-01 08:24:20,16
2020-12-01 08:24:40,18
2020-12-01 08:25:00,16
2020-12-01 08:25:20,16
2020-12-01 08:25:40,12
2020-12-01 08:26:00,12
2020-12-01 08:26:20,12
2020-12-01 08:26:40,8
2020-12-01 08:27:00,14
2020-12-01 08:27:20,14
2020-12-01 08:27:40,8
2020-12-01 08:28:00,14
2020-12-01 08:28:20,14
2020-12-01 08:28:40,16
2020-12-01 08:29:00,25
2020-12-01 08:29:20,25
2020-12-01 08:29:40,18
2020-12-01 08:30:00,16
2020-12-01 08:30:20,16
2020-12-01 08:30:40,23
2020-12-01 08:31:00,12
2020-12-01 08:31:20,12
2020-12-01 08:31:40,23
2020-12-01 08:32:00,12
2020-12-01 08:32:20,12
2020-12-01 08:32:40,13
2020-12-01 08:33:00,15
2020-12-01 08:33:20,15
2020-12-01 08:33:40,14
2020-12-01 08:34:00,14
2020-12-01 08:34:20,20
2020-12-01 08:34:40,15
2020-12-01 08:35:00,15
2020-12-01 08:35:20,26
2020-12-01 08:35:40,29
2020-12-01 08:36:00,29
2020-12-01 08:36:20,29
2020-12-01 08:36:40,30
2020-12-01 08:37:00,30
2020-12-01 08:37:20,23
2020-12-01 08:37:40,17
2020-12-01 08:38:00,17
2020-12-01 08:38:20,18
2020-12-01 08:38:40,11
2020-12-01 08:39:00,11
2020-12-01 08:39:20,11
2020-12-01 08:39:40,12
2020-12-01 08:40:00,12
2020-12-01 08:40:20,7
2020-12-01 08:40:40,13
2020-12-01 08:41:00,13
2020-12-01 08:41:20,10
2020-12-01 08:41:40,14
2020-12-01 08:42:00,14
2020-12-01 08:42:20,13
2020-12-01 08:42:40,12
2020-12-01 08:43:00,12
2020-12-01 08:43:20,7
2020-12-01 08:43:40,13
2020-12-01 08:44:00,13
2020-12-01 08:44:20,10
2020-12-01 08:44:40,10
2020-12-01 08:45:00,10
2020-12-01 08:45:20,7
2020-12-01 08:45:40,15
2020-12-01 08:46:00,15
2020-12-01 08:46:20,20
2020-12-01 08:46:40,17
2020-12-01 08:47:00,17
2020-12-01 08:47:20,19
2020-12-01 08:47:40,10
2020-12-01 08:48:00,10
2020-12-01 08:48:20,12
2020-12-01 08:48:40,8
2020-12-01 08:49:00,8
2020-12-01 08:49:20,10
2020-12-01 08:49:40,7
2020-12-01 08:50:00,7
2020-12-01 08:50:20,8
2020-12-01 08:50:40,28
2020-12-01 08:51:00,28
2020-12-01 08:51:20,28
2020-12-01 08:51:40,25
2020-12-01 08:52:00,14
2020-12-01 08:52:20,14
2020-12-01 08:52:40,11
2020-12-01 08:53:00,7
2020-12-01 08:53:20,7
2020-12-01 08:53:40,22
2020-12-01 08:54:00,5
2020-12-01 08:54:20,5
2020-12-01 08:54:40,12
2020-12-01 08:55:00,28
2020-12-01 08:55:20,28
2020-12-01 08:55:40,33
2020-12-01 08:56:00,29
2020-12-01 08:56:20,29
2020-12-01 08:56:40,32
2020-12-01 08:57:00,14
2020-12-01 08:57:20,14
2020-12-01 08:57:40,22
2020-12-01 08:58:00,22
2020-12-01 08:58:20,22
2020-12-01 08:58:40,25
2020-12-01 08:59:00,12
2020-12-01 08:59:20,12
2020-12-01 08:59:40,17
2020-12-01 09:00:00,8
2020-12-01 09:00:20,8
2020-12-01 09:00:40,6
2020-12-01 09:01:00,3
2020-12-01 09:01:20,3
2020-12-01 09:01:40,11
2020-12-01 09:02:00,22
2020-12-01 09:02:20,22
2020-12-01 09:02:40,9
2020-12-01 09:03:00,18
2020-12-01 09:03:20,18
2020-12-01 09:03:40,14
2020-12-01 09:04:00,24
2020-12-01 09:04:20,24
2020-12-01 09:04:40,29
2020-12-01 09:05:00,17
2020-12-01 09:05:20,17
2020-12-01 09:05:40,13
2020-12-01 09:06:00,13
2020-12-01 09:06:20,13
2020-12-01 09:06:40,12
2020-12-01 09:07:00,8
2020-12-01 09:07:20,8
2020-12-01 09:07:40,10
2020-12-01 09:08:00,12
2020-12-01 09:08:20,12
2020-12-01 09:08:40,29
2020-12-01 09:09:00,29
2020-12-01 09:09:20,16
2020-12-01 09:09:40,11
2020-12-01 09:10:00,11
2020-12-01 09:10:20,19
2020-12-01 09:10:40,18
2020-12-01 09:11:00,18
2020-12-01 09:11:20,13
2020-12-01 09:11:40,10
2020-12-01 09:12:00,10
2020-12-01 09:12:20,8
2020-12-01 09:12:40,2
2020-12-01 09:13:00,2
2020-12-01 09:13:20,15
2020-12-01 09:13:40,9
2020-12-01 09:14:00,9
2020-12-01 09:14:20,7
2020-12-01 09:14:40,13
2020-12-01 09:15:00,13
2020-12-01 09:15:20,17
2020-12-01 09:15:40,10
2020-12-01 09:16:00,10
2020-12-01 09:16:20,20
2020-12-01 09:16:40,7
2020-12-01 09:17:00,7
2020-12-01 09:17:20,10
2020-12-01 09:17:40,10
2020-12-01 09:18:00,10
2020-12-01 09:18:20,14
2020-12-01 09:18:40,20
2020-12-01 09:19:00,20
2020-12-01 09:19:20,16
2020-12-01 09:19:40,22
2020-12-01 09:20:00,22
2020-12-01 09:20:20,29
2020-12-01 09:20:40,30
2020-12-01 09:21:00,30
2020-12-01 09:21:20,33
2020-12-01 09:21:40,42
2020-12-01 09:22:00,42
2020-12-01 09:22:20,40
2020-12-01 09:22:40,36
2020-12-01 09:23:00,36
2020-12-01 09:23:20,21
2020-12-01 09:23:40,23
2020-12-01 09:24:00,23
2020-12-01 09:24:20,18
2020-12-01 09:24:40,15
2020-12-01 09:25:00,15
2020-12-01 09:25:20,14
2020-12-01 09:25:40,14
2020-12-01 09:26:00,8
2020-12-01 09:26:20,8
2020-12-01 09:26:40,13
2020-12-01 09:27:00,14
2020-12-01 09:27:20,14
2020-12-01 09:27:40,9
2020-12-01 09:28:00,9
2020-12-01 09:28:20,9
2020-12-01 09:28:40,14
2020-12-01 09:29:00,18
2020-12-01 09:29:20,18
2020-12-01 09:29:40,8
2020-12-01 09:30:00,15
2020-12-01 09:30:20,15
2020-12-01 09:30:40,15
2020-12-01 09:31:00,18
2020-12-01 09:31:20,18
2020-12-01 09:31:40,15
2020-12-01 09:32:00,16
2020-12-01 09:32:20,16
2020-12-01 09:32:40,26
2020-12-01 09:33:00,20
2020-12-01 09:33:20,20
2020-12-01 09:33:40,23
2020-12-01 09:34:00,14
2020-12-01 09:34:20,14
2020-12-01 09:34:40,16
2020-12-01 09:35:00,5
2020-12-01 09:35:20,5
2020-12-01 09:35:40,8
2020-12-01 09:36:00,13
2020-12-01 09:36:20,13
2020-12-01 09:36:40,24
2020-12-01 09:37:00,22
2020-12-01 09:37:20,22
2020-12-01 09:37:40,24
2020-12-01 09:38:00,29
2020-12-01 09:38:20,29
2020-12-01 09:38:40,29
2020-12-01 09:39:00,19
2020-12-01 09:39:20,19
2020-12-01 09:39:40,5
2020-12-01 09:40:00,7
2020-12-01 09:40:20,7
2020-12-01 09:40:40,6
2020-12-01 09:41:00,8
2020-12-01 09:41:20,8
2020-12-01 09:41:40,9
2020-12-01 09:42:00,9
2020-12-01 09:42:20,9
2020-12-01 09:42:40,15
2020-12-01 09:43:00,15
2020-12-01 09:43:20,15
2020-12-01 09:43:40,21
2020-12-01 09:44:00,21
2020-12-01 09:44:20,13
2020-12-01 09:44:40,5
2020-12-01 09:45:00,5
2020-12-01 09:45:20,11
2020-12-01 09:45:40,17
2020-12-01 09:46:00,17
2020-12-01 09:46:20,23
2020-12-01 09:46:40,29
2020-12-01 09:47:00,29
2020-12-01 09:47:20,29
2020-12-01 09:47:40,32
2020-12-01 09:48:00,32
2020-12-01 09:48:20,29
2020-12-01 09:48:40,37
2020-12-01 09:49:00,37
2020-12-01 09:49:20,41
2020-12-01 09:49:40,34
2020-12-01 09:50:00,34
2020-12-01 09:50:20,24
2020-12-01 09:50:40,15
2020-12-01 09:51:00,15
2020-12-01 09:51:20,13
2020-12-01 09:51:40,13
2020-12-01 09:52:00,13
2020-12-01 09:52:20,15
2020-12-01 09:52:40,8
2020-12-01 09:53:00,8
2020-12-01 09:53:20,11
2020-12-01 09:53:40,11
2020-12-01 09:54:00,11
2020-12-01 09:54:20,17
2020-12-01 09:54:40,10
2020-12-01 09:55:00,10
2020-12-01 09:55:20,19
2020-12-01 09:55:40,18
2020-12-01 09:56:00,18
2020-12-01 09:56:20,25
2020-12-01 09:56:40,36
2020-12-01 09:57:00,36
2020-12-01 09:57:20,28
2020-12-01 09:57:40,22
2020-12-01 09:58:00,22
2020-12-01 09:58:20,23
2020-12-01 09:58:40,32
2020-12-01 09:59:00,32
2020-12-01 09:59:20,32
2020-12-01 09:59:40,21
2020-12-01 10:00:00,28
2020-12-01 10:00:20,28
2020-12-01 10:00:40,22
2020-12-01 10:01:00,25
2020-12-01 10:01:20,25
2020-12-01 10:01:40,20
2020-12-01 10:02:00,15
2020-12-01 10:02:20,15
2020-12-01 10:02:40,22
2020-12-01 10:03:00,13
2020-12-01 10:03:20,13
2020-12-01 10:03:40,21
2020-12-01 10:04:00,24
2020-12-01 10:04:20,24
2020-12-01 10:04:40,29
2020-12-01 10:05:00,19
2020-12-01 10:05:20,19
2020-12-01 10:05:40,15
2020-12-01 10:06:00,13
2020-12-01 10:06:20,13
2020-12-01 10:06:40,19
2020-12-01 10:07:00,13
2020-12-01 10:07:20,13
2020-12-01 10:07:40,22
2020-12-01 10:08:00,20
2020-12-01 10:08:20,20
2020-12-01 10:08:40,28
2020-12-01 10:09:00,22
2020-12-01 10:09:20,22
2020-12-01 10:09:40,26
2020-12-01 10:10:00,20
2020-12-01 10:10:20,20
2020-12-01 10:10:40,9
2020-12-01 10:11:00,7
2020-12-01 10:11:20,7
2020-12-01 10:11:40,13
2020-12-01 10:12:00,3
2020-12-01 10:12:20,3
2020-12-01 10:12:40,17
2020-12-01 10:13:00,11
2020-12-01 10:13:20,11
2020-12-01 10:13:40,16
2020-12-01 10:14:00,19
2020-12-01 10:14:20,19
2020-12-01 10:14:40,15
2020-12-01 10:15:00,17
2020-12-01 10:15:20,17
2020-12-01 10:15:40,10
2020-12-01 10:16:00,11
2020-12-01 10:16:20,11
2020-12-01 10:16:40,19
2020-12-01 10:17:00,19
2020-12-01 10:17:20,10
2020-12-01 10:17:40,12
2020-12-01 10:18:00,12
2020-12-01 10:18:20,9
2020-12-01 10:18:40,7
2020-12-01 10:19:00,7
2020-12-01 10:19:20,15
2020-12-01 10:19:40,15
2020-12-01 10:20:00,15
2020-12-01 10:20:20,7
2020-12-01 10:20:40,9
2020-12-01 10:21:00,9
2020-12-01 10:21:20,8
2020-12-01 10:21:40,9
2020-12-01 10:22:00,9
2020-12-01 10:22:20,18
2020-12-01 10:22:40,29
2020-12-01 10:23:00,29
2020-12-01 10:23:20,23
2020-12-01 10:23:40,20
2020-12-01 10:24:00,20
2020-12-01 10:24:20,16
2020-12-01 10:24:40,11
2020-12-01 10:25:00,11
2020-12-01 10:25:20,11
2020-12-01 10:25:40,12
2020-12-01 10:26:00,12
2020-12-01 10:26:20,11
2020-12-01 10:26:40,13
2020-12-01 10:27:00,13
2020-12-01 10:27:20,26
2020-12-01 10:27:40,16
2020-12-01 10:28:00,16
2020-12-01 10:28:20,19
2020-12-01 10:28:40,24
2020-12-01 10:29:00,24
2020-12-01 10:29:20,25
2020-12-01 10:29:40,16
2020-12-01 10:30:00,16
2020-12-01 10:30:20,14
2020-12-01 10:30:40,12
2020-12-01 10:31:00,12
2020-12-01 10:31:20,18
2020-12-01 10:31:40,20
2020-12-01 10:32:00,20
2020-12-01 10:32:20,22
2020-12-01 10:32:40,23
2020-12-01 10:33:00,23
2020-12-01 10:33:20,28
2020-12-01 10:33:40,39
2020-12-01 10:34:00,39
2020-12-01 10:34:20,39
2020-12-01 10:34:40,37
2020-12-01 10:35:00,16
2020-12-01 10:35:20,16
2020-12-01 10:35:40,18
2020-12-01 10:36:00,14
2020-12-01 10:36:20,14
2020-12-01 10:36:40,12
2020-12-01 10:37:00,9
2020-12-01 10:37:20,9
2020-12-01 10:37:40,13
2020-12-01 10:38:00,15
2020-12-01 10:38:20,15
2020-12-01 10:38:40,17
2020-12-01 10:39:00,16
2020-12-01 10:39:20,16
2020-12-01 10:39:40,13
2020-12-01 10:40:00,12
2020-12-01 10:40:20,12
2020-12-01 10:40:40,10
2020-12-01 10:41:00,14
2020-12-01 10:41:20,14
2020-12-01 10:41:40,19
2020-12-01 10:42:00,26
2020-12-01 10:42:20,26
2020-12-01 10:42:40,32
2020-12-01 10:43:00,43
2020-12-01 10:43:20,43
2020-12-01 10:43:40,35
2020-12-01 10:44:00,38
2020-12-01 10:44:20,38
2020-12-01 10:44:40,24
2020-12-01 10:45:00,22
2020-12-01 10:45:20,22
2020-12-01 10:45:40,31
2020-12-01 10:46:00,26
2020-12-01 10:46:20,26
2020-12-01 10:46:40,21
2020-12-01 10:47:00,34
2020-12-01 10:47:20,34
2020-12-01 10:47:40,28
2020-12-01 10:48:00,21
2020-12-01 10:48:20,21
2020-12-01 10:48:40,11
2020-12-01 10:49:00,15
2020-12-01 10:49:20,15
2020-12-01 10:49:40,15
2020-12-01 10:50:00,15
2020-12-01 10:50:20,21
2020-12-01 10:50:40,14
2020-12-01 10:51:00,14
2020-12-01 10:51:20,20
2020-12-01 10:51:40,21
2020-12-01 10:52:00,21
2020-12-01 10:52:20,33
2020-12-01 10:52:40,29
2020-12-01 10:53:00,29
2020-12-01 10:53:20,17
2020-12-01 10:53:40,16
2020-12-01 10:54:00,16
2020-12-01 10:54:20,11
2020-12-01 10:54:40,17
2020-12-01 10:55:00,17
2020-12-01 10:55:20,20
2020-12-01 10:55:40,19
2020-12-01 10:56:00,19
2020-12-01 10:56:20,11
2020-12-01 10:56:40,15
2020-12-01 10:57:00,15
2020-12-01 10:57:20,18
2020-12-01 10:57:40,22
2020-12-01 10:58:00,22
2020-12-01 10:58:20,17
2020-12-01 10:58:40,16
2020-12-01 10:59:00,16
2020-12-01 10:59:20,16
2020-12-01 10:59:40,21
2020-12-01 11:00:00,21
2020-12-01 11:00:20,25
2020-12-01 11:00:40,6
2020-12-01 11:01:00,6
2020-12-01 11:01:20,15
2020-12-01 11:01:40,15
2020-12-01 11:02:00,15
2020-12-01 11:02:20,8
2020-12-01 11:02:40,10
2020-12-01 11:03:00,10
2020-12-01 11:03:20,18
2020-12-01 11:03:40,10
2020-12-01 11:04:00,10
2020-12-01 11:04:20,18
2020-12-01 11:04:40,29
2020-12-01 11:05:00,29
2020-12-01 11:05:20,26
2020-12-01 11:05:40,11
2020-12-01 11:06:00,11
2020-12-01 11:06:20,17
2020-12-01 11:06:40,17
2020-12-01 11:07:00,14
2020-12-01 11:07:20,14
2020-12-01 11:07:40,12
2020-12-01 11:08:00,19
2020-12-01 11:08:20,19
2020-12-01 11:08:40,18
2020-12-01 11:09:00,5
2020-12-01 11:09:20,5
2020-12-01 11:09:40,16
2020-12-01 11:10:00,19
2020-12-01 11:10:20,19
2020-12-01 11:10:40,24
2020-12-01 11:11:00,16
2020-12-01 11:11:20,16
2020-12-01 11:11:40,32
2020-12-01 11:12:00,35
2020-12-01 11:12:20,35
2020-12-01 11:12:40,30
2020-12-01 11:13:00,30
2020-12-01 11:13:20,30
2020-12-01 11:13:40,24
2020-12-01 11:14:00,11
2020-12-01 11:14:20,11
2020-12-01 11:14:40,9
2020-12-01 11:15:00,8
2020-12-01 11:15:20,8
2020-12-01 11:15:40,15
2020-12-01 11:16:00,15
2020-12-01 11:16:20,15
2020-12-01 11:16:40,18
2020-12-01 11:17:00,17
2020-12-01 11:17:20,17
2020-12-01 11:17:40,17
2020-12-01 11:18:00,19
2020-12-01 11:18:20,19
2020-12-01 11:18:40,31
2020-12-01 11:19:00,19
2020-12-01 11:19:20,19
2020-12-01 11:19:40,14
2020-12-01 11:20:00,17
2020-12-01 11:20:20,17
2020-12-01 11:20:40,9
2020-12-01 11:21:00,12
2020-12-01 11:21:20,12
2020-12-01 11:21:40,15
2020-12-01 11:22:00,15
2020-12-01 11:22:20,12
2020-12-01 11:22:40,16
2020-12-01 11:23:00,16
2020-12-01 11:23:20,8
2020-12-01 11:23:40,13
2020-12-01 11:24:00,13
2020-12-01 11:24:20,9
2020-12-01 11:24:40,10
2020-12-01 11:25:00,10
2020-12-01 11:25:20,12
2020-12-01 11:25:40,20
2020-12-01 11:26:00,20
2020-12-01 11:26:20,17
2020-12-01 11:26:40,14
2020-12-01 11:27:00,14
2020-12-01 11:27:20,12
2020-12-01 11:27:40,16
2020-12-01 11:28:00,16
2020-12-01 11:28:20,13
2020-12-01 11:28:40,12
2020-12-01 11:29:00,12
2020-12-01 11:29:20,23
2020-12-01 11:29:40,12
2020-12-01 11:30:00,12
2020-12-01 11:30:20,16
2020-12-01 11:30:40,15
2020-12-01 11:31:00,15
2020-12-01 11:31:20,18
2020-12-01 11:31:40,13
2020-12-01 11:32:00,13
2020-12-01 11:32:20,20
2020-12-01 11:32:40,24
2020-12-01 11:33:00,24
2020-12-01 11:33:20,13
2020-12-01 11:33:40,23
2020-12-01 11:34:00,23
2020-12-01 11:34:20,22
2020-12-01 11:34:40,10
2020-12-01 11:35:00,10
2020-12-01 11:35:20,8
2020-12-01 11:35:40,11
2020-12-01 11:36:00,11
2020-12-01 11:36:20,11
2020-12-01 11:36:40,6
2020-12-01 11:37:00,6
2020-12-01 11:37:20,10
2020-12-01 11:37:40,10
2020-12-01 11:38:00,10
2020-12-01 11:38:20,10
2020-12-01 11:38:40,23
2020-12-01 11:39:00,10
2020-12-01 11:39:20,10
2020-12-01 11:39:40,7
2020-12-01 11:40:00,4
2020-12-01 11:40:20,4
2020-12-01 11:40:40,9
2020-12-01 11:41:00,11
2020-12-01 11:41:20,11
2020-12-01 11:41:40,8
2020-12-01 11:42:00,10
2020-12-01 11:42:20,10
2020-12-01 11:42:40,9
2020-12-01 11:43:00,18
2020-12-01 11:43:20,18
2020-12-01 11:43:40,13
2020-12-01 11:44:00,8
2020-12-01 11:44:20,8
2020-12-01 11:44:40,9
2020-12-01 11:45:00,6
2020-12-01 11:45:20,6
2020-12-01 11:45:40,8
2020-12-01 11:46:00,10
2020-12-01 11:46:20,10
2020-12-01 11:46:40,13
2020-12-01 11:47:00,21
2020-12-01 11:47:20,21
2020-12-01 11:47:40,13
2020-12-01 11:48:00,12
2020-12-01 11:48:20,12
2020-12-01 11:48:40,16
2020-12-01 11:49:00,17
2020-12-01 11:49:20,17
2020-12-01 11:49:40,24
2020-12-01 11:50:00,28
2020-12-01 11:50:20,28
2020-12-01 11:50:40,10
2020-12-01 11:51:00,13
2020-12-01 11:51:20,13
2020-12-01 11:51:40,19
2020-12-01 11:52:00,8
2020-12-01 11:52:20,8
2020-12-01 11:52:40,5
2020-12-01 11:53:00,11
2020-12-01 11:53:20,11
2020-12-01 11:53:40,21
2020-12-01 11:54:00,17
2020-12-01 11:54:20,17
2020-12-01 11:54:40,20
2020-12-01 11:55:00,20
2020-12-01 11:55:20,28
2020-12-01 11:55:40,12
2020-12-01 11:56:00,12
2020-12-01 11:56:20,25
2020-12-01 11:56:40,12
2020-12-01 11:57:00,12
2020-12-01 11:57:20,5
2020-12-01 11:57:40,12
2020-12-01 11:58:00,12
2020-12-01 11:58:20,5
2020-12-01 11:58:40,19
2020-12-01 11:59:00,19
2020-12-01 11:59:20,11
2020-12-01 11:59:40,17
2020-12-01 12:00:00,17
2020-12-01 12:00:20,21
2020-12-01 12:00:40,13
2020-12-01 12:01:00,13
2020-12-01 12:01:20,17
2020-12-01 12:01:40,9
2020-12-01 12:02:00,9
2020-12-01 12:02:20,13
2020-12-01 12:02:40,15
2020-12-01 12:03:00,15
2020-12-01 12:03:20,10
2020-12-01 12:03:40,12
2020-12-01 12:04:00,12
2020-12-01 12:04:20,14
2020-12-01 12:04:40,19
2020-12-01 12:05:00,19
2020-12-01 12:05:20,13
2020-12-01 12:05:40,14
2020-12-01 12:06:00,14
2020-12-01 12:06:20,10
2020-12-01 12:06:40,8
2020-12-01 12:07:00,8
2020-12-01 12:07:20,9
2020-12-01 12:07:40,9
2020-12-01 12:08:00,9
2020-12-01 12:08:20,16
2020-12-01 12:08:40,5
2020-12-01 12:09:00,5
2020-12-01 12:09:20,16
2020-12-01 12:09:40,23
2020-12-01 12:10:00,23
2020-12-01 12:10:20,21
2020-12-01 12:10:40,23
2020-12-01 12:11:00,23
2020-12-01 12:11:20,25
2020-12-01 12:11:40,25
2020-12-01 12:12:00,28
2020-12-01 12:12:20,28
2020-12-01 12:12:40,33
2020-12-01 12:13:00,31
2020-12-01 12:13:20,31
2020-12-01 12:13:40,17
2020-12-01 12:14:00,6

